Home_Team;Home_Away;Home_Min;Home_PK;Home_PKatt;Home_Sh;Home_SoT;Home_CrdY;Home_CrdR;Home_Touches;Home_Tkl;Home_Int;Home_Blocks;Home_SCA_SCA;Home_GCA_SCA;Home_Cmp_Passes;Home_Att_Passes;Home_Cmp_percent_Passes;Home_PrgP_Passes;Home_Carries_Carries;Home_PrgC_Carries;Home_Att_Take_Ons;Home_Succ_Take_Ons;Win
Palmeiras;1;990;1;1;16;3;4;0;562;9;12;12;27;4;340;440;773;47;310;21;21;10;0
Coritiba;1;990;0;0;17;9;2;0;594;14;15;8;31;6;405;491;825;39;404;22;17;9;1
Atlético Mineiro;1;990;0;0;15;5;2;0;662;9;7;12;27;4;489;569;859;41;460;22;21;9;1
Botafogo (RJ);1;990;1;1;8;3;1;0;641;14;6;13;15;1;433;525;825;39;386;12;26;14;0
Fortaleza;1;990;0;0;22;5;2;0;588;11;5;7;37;0;405;496;817;48;365;30;21;14;0
Avaí;1;990;0;0;13;2;3;0;699;16;14;14;25;2;488;596;819;43;418;12;8;6;1
São Paulo;1;990;0;0;18;8;1;0;644;17;6;6;34;8;485;559;868;46;485;11;13;8;1
Cuiabá;1;989;0;0;11;4;1;1;494;12;8;4;20;1;301;392;768;36;263;16;22;17;1
América (MG);1;990;0;0;16;3;2;0;596;8;8;6;30;0;381;508;75;62;307;25;15;11;0
Juventude;1;990;0;0;17;4;2;0;583;16;12;7;26;0;323;453;713;47;293;12;22;10;0
Atlético Goianiense;1;990;0;0;13;5;1;0;581;12;14;9;23;3;370;483;766;61;322;22;8;5;1
Bragantino;1;969;0;0;12;2;1;1;397;15;8;5;21;2;219;293;747;20;241;10;7;5;1
Fluminense;1;990;0;0;13;9;3;0;467;16;6;6;25;10;273;356;767;23;243;12;24;14;1
Palmeiras;1;990;0;0;14;6;1;0;555;22;12;11;25;8;359;439;818;31;287;15;19;9;1
Corinthians;1;990;0;0;13;3;1;0;723;18;14;8;21;4;524;620;845;52;331;21;17;8;1
Fluminense;1;920;0;0;15;4;3;1;571;8;16;13;23;0;369;462;799;36;317;28;25;18;0
Internacional;1;990;1;1;10;3;3;0;405;14;15;11;22;6;235;311;756;34;259;13;7;6;1
São Paulo;1;990;0;0;15;2;2;0;570;18;9;17;27;2;343;449;764;37;267;19;18;11;1
Coritiba;1;971;0;0;11;4;1;1;565;21;6;12;21;0;373;456;818;34;289;15;13;3;0
Botafogo (RJ);1;990;0;0;22;7;4;0;570;18;9;12;42;0;345;461;748;34;299;16;17;11;0
Juventude;1;944;0;0;10;1;1;1;483;20;6;12;17;2;272;366;743;19;207;13;24;18;0
Bragantino;1;990;0;0;18;7;2;0;612;16;12;7;31;7;378;481;786;42;420;21;18;10;1
Goiás;1;990;0;0;7;2;4;0;589;15;8;11;11;2;390;489;798;50;328;24;21;5;0
Flamengo;1;990;0;0;15;6;1;0;755;12;7;4;27;4;583;656;889;44;484;18;23;14;1
Botafogo (RJ);1;990;0;0;17;3;6;0;448;16;11;9;28;2;216;312;692;23;181;13;25;14;1
Palmeiras;1;990;0;0;29;12;2;0;501;14;7;7;49;6;320;406;788;52;315;30;16;10;1
Avaí;1;990;2;2;10;2;1;0;588;24;6;11;21;5;375;473;793;34;308;20;14;10;1
Atlético Mineiro;1;990;0;0;16;3;4;0;507;18;2;12;26;3;339;410;827;31;204;17;15;5;1
Corinthians;1;990;1;1;16;2;1;0;775;23;9;6;26;1;554;661;838;70;534;21;13;8;1
Coritiba;1;984;0;0;24;3;5;2;556;17;9;7;36;0;327;438;747;35;324;26;19;10;0
Fortaleza;1;990;0;0;18;8;1;0;547;19;12;8;30;2;278;402;692;46;236;29;24;13;1
Internacional;1;989;1;1;17;6;6;1;750;16;5;2;33;3;548;666;823;72;532;28;21;13;0
Atlético Goianiense;1;990;0;1;25;5;3;0;647;11;3;6;46;6;480;567;847;60;310;25;8;6;1
Fluminense;1;990;0;0;19;3;0;0;639;13;11;13;33;2;445;517;861;43;397;27;29;17;1
São Paulo;1;990;0;0;12;3;3;0;454;15;6;12;22;2;233;327;713;29;236;15;14;3;0
Internacional;1;990;0;0;15;8;2;0;690;21;7;8;25;5;503;575;875;34;443;19;17;11;1
Athletico Paranaense;1;990;0;0;10;6;4;0;385;17;14;17;11;4;179;267;67;20;214;19;18;7;1
Flamengo;1;990;0;1;22;7;1;0;593;22;9;11;45;6;366;475;771;56;344;24;15;12;1
Atlético Mineiro;1;990;0;0;17;6;0;0;823;19;12;9;33;4;628;705;891;49;550;20;20;17;1
Botafogo (RJ);1;990;0;0;9;1;3;0;346;21;16;18;16;0;139;210;662;12;157;11;22;9;0
Goiás;1;990;0;0;15;5;3;0;499;13;9;10;28;2;254;366;694;21;262;15;22;11;1
Fluminense;1;990;0;0;15;6;0;0;660;7;12;8;28;8;494;563;877;41;372;24;26;15;1
Juventude;1;990;0;0;17;3;2;0;728;10;9;5;32;1;551;636;866;60;473;23;24;13;0
Santos;1;990;0;0;16;7;4;0;561;16;6;7;32;2;366;461;794;44;232;19;28;13;0
Palmeiras;1;989;0;0;35;7;1;1;731;14;10;10;59;0;501;611;82;58;363;21;19;9;0
Avaí;1;990;0;0;12;3;0;0;722;16;6;17;20;1;496;611;812;43;415;18;21;14;0
Atlético Goianiense;1;990;1;1;10;2;5;0;509;10;9;9;20;2;333;426;782;33;299;23;13;7;0
Coritiba;1;983;0;0;11;4;2;1;431;16;8;12;20;3;235;317;741;19;209;13;21;12;1
América (MG);1;990;0;0;21;5;2;0;580;9;6;12;38;2;353;470;751;50;331;33;15;7;1
Bragantino;1;989;0;0;18;6;1;1;639;24;4;7;32;0;379;514;737;56;398;20;27;16;0
Bragantino;1;990;0;0;37;12;1;0;552;19;6;14;67;7;305;413;738;38;337;27;15;10;1
Fluminense;1;990;0;0;18;6;2;0;642;20;2;16;31;4;457;538;849;37;385;12;9;4;1
Goiás;1;990;0;0;11;3;2;0;392;13;8;7;19;4;202;288;701;16;208;15;12;6;1
Corinthians;1;990;0;0;7;2;2;0;564;14;4;13;13;0;379;480;79;37;277;15;14;9;1
Cuiabá;1;990;0;0;14;6;1;0;556;19;10;9;26;3;354;451;785;45;293;9;18;8;1
Santos;1;990;0;0;19;5;5;0;506;15;10;11;35;1;301;395;762;26;314;16;10;7;1
Internacional;1;990;0;0;21;4;0;0;820;17;19;9;38;1;588;710;828;63;547;30;11;8;1
Avaí;1;990;1;1;13;3;5;0;500;21;6;10;23;1;278;374;743;25;236;13;9;5;1
Flamengo;1;990;0;0;17;4;0;0;700;14;6;17;24;3;516;584;884;48;442;21;28;15;1
Ceará;1;990;0;0;18;7;1;0;553;18;9;6;28;2;374;468;799;42;304;16;5;4;1
Atlético Goianiense;1;990;0;0;15;3;1;0;720;15;10;12;24;0;518;615;842;43;510;29;15;10;0
Botafogo (RJ);1;990;0;0;14;2;4;0;384;6;11;12;25;0;216;294;735;23;222;16;22;10;0
América (MG);1;990;0;0;25;4;3;0;673;13;13;12;47;0;460;553;832;66;361;28;39;16;0
Palmeiras;1;990;0;0;16;8;3;0;655;17;9;12;24;1;447;554;807;50;455;23;18;6;1
Ceará;1;990;0;0;14;5;0;0;529;27;10;12;26;2;315;412;765;44;294;21;19;8;1
Bragantino;1;990;0;0;14;7;4;0;567;16;11;15;27;4;352;461;764;30;374;10;17;9;1
Goiás;1;990;0;0;15;5;2;0;379;24;15;10;21;4;171;250;684;18;155;15;14;7;0
Athletico Paranaense;1;990;0;0;15;9;3;0;524;17;17;9;23;8;327;418;782;37;324;16;10;6;1
Flamengo;1;990;0;0;27;11;3;0;695;19;10;6;45;8;523;586;892;74;428;18;20;7;1
Santos;1;990;0;0;16;7;2;0;456;15;13;17;30;2;244;335;728;27;231;20;22;13;1
Corinthians;1;990;0;0;19;6;1;0;717;9;4;5;35;4;550;638;862;72;441;33;20;13;1
América (MG);1;990;0;0;15;3;4;0;556;10;11;11;26;0;332;437;76;36;301;26;16;7;0
Botafogo (RJ);1;990;0;0;17;6;0;0;646;16;11;6;31;3;437;529;826;37;391;17;20;12;1
Avaí;1;990;0;0;13;4;1;0;481;24;8;14;24;2;287;371;774;36;234;20;21;9;0
Palmeiras;1;990;0;0;18;9;0;0;556;14;18;10;31;4;348;435;80;48;313;16;15;2;1
Juventude;1;990;0;0;13;7;1;0;472;12;9;7;24;2;292;383;762;26;244;13;9;2;1
Fluminense;1;989;0;0;24;7;5;1;686;10;5;11;45;4;466;575;81;41;424;22;20;8;1
Atlético Mineiro;1;990;0;0;14;6;2;0;653;13;12;15;23;2;459;564;814;39;360;12;15;8;0
Atlético Goianiense;1;990;0;0;23;6;0;0;749;11;13;11;41;0;499;625;798;67;464;32;39;26;0
Coritiba;1;987;0;0;4;2;6;1;518;21;16;8;7;2;296;403;734;26;279;5;15;7;1
América (MG);1;990;1;1;21;8;3;0;535;10;9;18;42;8;332;417;796;45;318;17;14;7;1
Corinthians;1;990;0;0;14;4;1;0;746;18;10;13;20;5;544;636;855;38;430;17;22;12;1
Cuiabá;1;990;0;0;5;1;2;0;473;18;9;10;6;0;268;367;73;30;284;16;14;6;0
Santos;1;990;0;0;15;7;2;0;441;24;13;17;20;0;239;315;759;31;213;20;14;9;1
Flamengo;1;990;0;0;19;8;2;0;533;18;13;4;34;5;383;447;857;54;360;16;11;10;1
Internacional;1;990;0;0;18;5;5;0;619;8;14;10;28;4;419;518;809;49;400;13;18;9;1
Athletico Paranaense;1;990;0;0;12;3;2;0;571;14;9;12;21;0;364;453;804;33;297;17;18;10;0
Bragantino;1;990;0;0;18;8;1;0;653;16;17;10;26;7;451;542;832;54;472;15;14;10;1
Ceará;1;989;0;0;18;4;1;1;640;15;10;8;32;2;416;524;794;48;336;16;27;10;0
Ceará;1;949;1;1;11;6;3;1;457;14;3;7;19;2;291;376;774;31;254;13;15;10;0
Goiás;1;990;0;0;18;4;1;0;525;17;4;9;27;1;302;397;761;41;282;21;22;13;1
Corinthians;1;990;0;0;16;4;0;0;667;26;14;9;24;2;407;530;768;30;351;18;16;7;1
Flamengo;1;990;1;1;15;5;0;0;614;24;17;8;28;8;423;503;841;56;399;23;31;22;1
Internacional;1;990;0;0;9;3;1;0;428;29;9;14;16;6;216;306;706;14;144;12;19;14;1
Athletico Paranaense;1;990;1;2;8;2;3;0;431;12;9;10;17;2;249;343;726;29;237;14;16;7;1
Cuiabá;1;990;0;0;19;5;2;0;596;19;9;14;33;0;372;482;772;53;343;17;21;9;0
América (MG);1;990;0;0;18;6;1;0;537;13;9;10;34;6;324;427;759;51;292;28;32;13;1
Bragantino;1;990;0;0;23;5;1;0;627;12;9;11;41;2;407;508;801;57;431;20;24;14;1
Juventude;1;990;0;0;15;3;1;0;683;15;9;8;25;0;453;575;788;56;309;21;23;11;0
Atlético Goianiense;1;990;0;0;11;4;1;0;503;9;7;8;20;4;293;378;775;28;241;14;18;12;1
São Paulo;1;990;0;0;13;5;2;0;649;15;10;10;23;0;443;548;808;60;349;9;17;10;0
Palmeiras;1;990;1;1;18;7;2;0;618;22;10;7;30;5;402;487;825;43;376;32;22;8;1
Fluminense;1;990;0;0;11;5;2;0;719;15;7;16;20;2;532;617;862;37;501;16;30;12;1
Fortaleza;1;929;0;0;16;7;1;1;418;27;6;11;28;5;217;297;731;28;211;16;30;13;1
Atlético Mineiro;1;990;0;0;21;8;1;0;657;17;10;11;38;3;466;550;847;51;417;28;24;13;0
Coritiba;1;990;0;0;15;2;3;0;578;14;9;13;28;2;378;473;799;40;335;18;11;5;0
Corinthians;1;990;0;0;14;4;2;0;626;18;11;4;27;0;428;535;80;50;383;15;16;11;0
Cuiabá;1;990;0;0;13;4;4;0;476;8;13;1;22;1;303;397;763;33;322;10;11;6;1
Coritiba;1;990;0;0;7;2;3;0;523;16;12;8;14;0;305;404;755;25;308;9;22;9;0
Flamengo;1;990;0;0;19;13;3;0;704;7;10;10;36;10;547;620;882;56;482;19;28;23;1
São Paulo;1;990;0;0;16;4;1;0;525;9;3;7;28;6;323;435;743;31;301;14;10;6;1
Ceará;1;990;0;0;13;3;3;0;680;21;15;7;22;0;411;540;761;47;412;21;34;15;0
América (MG);1;990;0;0;16;5;1;0;510;13;15;11;28;2;259;385;673;39;248;30;33;21;1
Internacional;1;990;0;0;15;5;1;0;438;23;11;15;25;4;253;327;774;24;231;12;17;9;1
Atlético Mineiro;1;990;0;0;28;7;0;0;759;11;11;10;55;0;555;676;821;90;503;27;8;6;0
Fluminense;1;990;0;0;15;6;2;0;731;15;7;14;27;9;539;630;856;74;383;30;17;8;1
Fortaleza;1;990;0;0;13;4;1;0;455;20;20;9;21;2;223;315;708;28;232;10;15;8;1
Santos;1;990;0;0;13;5;4;0;415;14;14;11;20;2;220;297;741;37;205;14;12;4;1
Avaí;1;990;0;0;10;2;5;0;630;21;16;9;15;0;395;516;766;30;314;11;12;4;0
Goiás;1;979;0;0;15;6;2;1;357;14;8;8;26;3;173;248;698;20;154;21;10;7;1
Coritiba;1;990;0;0;12;3;4;0;532;24;6;11;18;2;316;405;78;34;328;15;19;7;1
São Paulo;1;990;0;0;15;8;2;0;802;23;9;8;24;0;563;675;834;51;469;18;28;10;0
Botafogo (RJ);1;990;0;0;14;4;3;0;590;20;18;16;22;0;360;461;781;45;397;17;29;14;0
Internacional;1;990;1;2;22;11;0;0;672;9;10;11;40;6;483;566;853;47;471;26;17;9;1
Corinthians;1;990;0;0;14;4;1;0;596;22;6;8;21;1;353;491;719;46;346;19;13;6;1
Athletico Paranaense;1;990;0;0;7;2;2;0;385;24;11;9;13;2;192;278;691;17;176;16;14;6;1
América (MG);1;990;0;0;25;10;2;0;607;7;13;16;44;4;387;475;815;55;319;26;17;7;1
Fortaleza;1;990;0;1;14;3;1;0;550;17;10;9;25;2;319;432;738;50;307;15;39;23;0
Atlético Goianiense;1;990;0;0;12;2;1;0;624;18;11;7;21;0;422;515;819;43;330;20;23;7;0
Santos;1;990;0;0;24;8;1;0;672;14;8;11;45;2;465;582;799;66;432;42;21;10;0
Ceará;1;990;0;0;8;4;4;0;481;24;7;10;14;2;286;383;747;25;189;12;19;12;1
Internacional;1;990;0;0;16;3;1;0;865;13;15;6;32;2;667;759;879;68;480;20;12;8;1
Fluminense;1;990;0;0;15;6;1;0;665;12;9;6;24;3;475;569;835;38;437;21;39;28;1
Palmeiras;1;990;0;0;24;9;0;0;675;16;10;9;44;3;462;567;815;77;392;26;21;6;1
Coritiba;1;990;0;0;13;5;6;0;482;20;5;11;24;4;268;375;715;25;203;17;17;7;1
Avaí;1;990;1;1;8;3;4;0;487;20;10;12;15;1;240;340;706;23;148;5;19;7;1
Botafogo (RJ);1;990;0;0;12;4;2;0;575;10;12;18;21;3;358;451;794;25;305;21;20;10;1
Flamengo;1;984;0;0;18;6;1;2;589;36;9;14;34;2;382;466;82;48;370;23;10;3;0
Ceará;1;932;0;0;8;1;6;2;462;8;11;16;12;0;273;361;756;22;282;10;16;7;0
América (MG);1;990;0;0;16;7;1;0;548;18;9;16;29;2;340;433;785;47;307;20;26;13;1
Palmeiras;1;959;0;0;19;3;3;1;612;17;7;11;34;2;385;490;786;50;339;15;16;8;1
Atlético Goianiense;1;990;0;0;19;4;3;0;544;10;9;9;31;2;364;458;795;52;379;21;15;4;0
São Paulo;1;990;0;0;17;6;2;0;712;10;10;6;31;8;542;622;871;54;458;22;9;4;1
Santos;1;990;0;0;11;4;3;0;509;14;11;7;21;2;298;402;741;32;234;16;34;16;1
Corinthians;1;990;0;0;19;8;0;0;758;9;11;7;32;2;566;664;852;56;429;22;16;9;1
Fluminense;1;990;0;0;21;6;1;0;790;5;13;12;38;7;634;707;897;59;540;10;9;6;1
Fortaleza;1;990;0;0;20;8;2;0;385;14;7;10;32;5;200;275;727;29;223;14;21;11;1
Coritiba;1;990;0;0;14;4;2;0;397;8;9;8;24;2;212;295;719;31;209;15;14;7;1
Cuiabá;1;990;0;0;11;3;2;0;451;17;19;10;21;4;241;343;703;27;215;12;10;3;1
Goiás;1;990;0;0;6;1;4;0;501;26;13;8;11;0;260;364;714;17;233;4;22;6;0
Atlético Mineiro;1;990;0;0;16;3;3;0;684;18;6;9;30;0;462;567;815;66;379;32;26;12;0
Internacional;1;990;0;0;9;3;1;0;614;28;16;9;15;2;406;490;829;36;312;14;14;7;1
Atlético Mineiro;1;990;1;1;13;4;2;0;398;29;17;13;21;3;213;280;761;24;219;22;19;7;1
Ceará;1;990;0;1;15;3;3;0;594;11;11;8;29;2;375;487;77;55;352;23;11;5;0
Goiás;1;990;0;0;12;3;3;0;618;15;11;18;18;0;373;481;775;36;363;20;24;8;0
Athletico Paranaense;1;990;0;0;17;6;3;0;475;14;11;5;32;4;305;387;788;47;248;11;11;5;1
Avaí;1;990;0;0;20;3;2;0;598;20;9;5;34;2;374;500;748;59;360;24;22;11;0
Flamengo;1;990;0;1;22;9;1;0;800;15;9;2;42;8;632;717;881;91;549;31;17;9;1
Corinthians;1;990;0;0;15;6;1;0;795;13;12;6;25;4;590;699;844;31;567;28;17;9;1
Botafogo (RJ);1;990;0;0;10;2;4;0;525;12;12;9;16;2;335;434;772;26;343;21;17;9;0
São Paulo;1;990;0;0;19;7;2;0;691;12;11;12;33;5;511;598;855;54;367;29;15;12;1
Athletico Paranaense;1;990;1;1;9;1;4;0;514;17;11;6;15;2;292;398;734;29;303;13;19;10;1
Fluminense;1;990;0;0;12;2;5;0;655;11;9;17;21;0;448;551;813;38;357;22;21;13;0
Palmeiras;1;990;0;0;20;7;1;0;481;14;9;14;31;6;291;375;776;26;259;14;19;11;1
Santos;1;990;0;0;18;7;2;0;500;20;9;15;27;4;258;350;737;23;259;19;20;19;1
Juventude;1;981;0;1;12;2;3;1;576;14;3;6;21;0;380;478;795;49;294;8;20;8;0
Avaí;1;925;1;1;13;3;5;1;409;18;5;15;24;5;201;288;698;28;167;15;22;14;1
Fortaleza;1;919;0;0;11;3;5;1;429;9;6;8;19;0;249;348;716;17;252;12;15;12;0
Bragantino;1;990;0;0;14;5;2;0;569;17;10;10;22;3;357;443;806;54;388;21;13;3;1
Atlético Goianiense;1;990;1;1;28;9;4;0;467;16;8;10;45;5;271;359;755;28;206;16;10;2;1
Santos;1;988;1;1;9;4;2;1;497;10;5;13;20;2;302;398;759;25;287;21;20;6;0
Palmeiras;1;990;0;0;19;11;1;0;664;18;11;10;36;8;480;559;859;74;398;19;21;9;1
América (MG);1;990;0;0;13;4;2;0;423;16;11;18;24;2;205;313;655;33;185;15;9;2;0
Avaí;1;990;1;1;5;1;2;0;573;13;10;5;11;1;384;489;785;39;400;13;20;10;0
Cuiabá;1;990;0;0;21;5;2;0;467;12;4;8;31;0;289;369;783;24;193;13;18;5;0
Corinthians;1;990;1;1;6;2;1;0;578;18;11;11;12;3;339;453;748;31;204;11;23;11;1
Internacional;1;990;0;0;20;11;1;0;606;10;11;10;29;5;421;500;842;34;334;20;11;5;1
Fortaleza;1;990;0;0;16;5;1;0;475;16;12;10;31;3;279;357;782;41;263;12;11;4;1
São Paulo;1;986;0;0;8;2;3;1;650;12;3;9;15;0;438;562;779;50;363;21;18;11;0
Fluminense;1;990;0;0;22;10;1;0;669;10;6;9;40;0;466;562;829;56;307;27;22;11;0
Coritiba;1;903;0;0;6;2;0;1;432;25;10;9;12;4;191;300;637;15;189;11;22;10;1
Santos;1;990;0;0;19;8;2;0;590;20;13;10;32;7;396;477;83;56;302;27;22;9;1
América (MG);1;990;1;1;18;6;1;0;638;10;13;10;32;2;415;528;786;59;422;21;19;7;0
Flamengo;1;990;0;0;7;4;4;0;527;28;10;5;13;2;294;381;772;22;295;14;24;11;1
Botafogo (RJ);1;990;0;0;12;3;3;0;661;18;19;16;20;0;431;525;821;46;380;20;31;11;0
Avaí;1;990;0;0;15;3;2;0;562;18;16;6;23;0;355;446;796;33;352;13;11;6;0
Athletico Paranaense;1;990;0;0;15;7;3;0;568;29;7;12;25;0;339;443;765;43;342;15;20;9;1
Bragantino;1;989;0;0;19;3;3;1;575;16;5;8;36;0;363;474;766;44;382;22;11;4;0
Bragantino;1;990;0;0;11;6;0;0;530;19;9;14;18;6;313;414;756;33;352;13;17;7;1
Santos;1;959;0;0;12;2;3;1;637;13;3;11;24;0;442;543;814;47;409;25;19;8;0
América (MG);1;990;0;0;9;3;1;0;520;21;14;16;15;1;279;400;698;47;211;13;15;5;0
Palmeiras;1;990;1;1;21;8;2;0;537;14;6;11;34;3;353;432;817;48;344;22;11;5;1
Juventude;1;990;0;0;13;3;2;0;554;15;14;7;26;2;382;447;855;31;353;24;24;12;0
Cuiabá;1;990;0;0;24;4;3;0;705;14;4;10;35;2;512;616;831;64;430;18;6;2;0
Atlético Goianiense;1;990;0;0;12;5;3;0;481;10;8;6;22;2;281;375;749;30;261;19;19;11;1
Flamengo;1;990;0;0;19;12;3;0;676;17;5;4;34;6;469;557;842;41;386;17;29;12;1
Athletico Paranaense;1;959;0;0;11;1;5;1;394;22;10;14;14;2;179;262;683;14;168;7;14;6;0
Botafogo (RJ);1;990;0;0;18;7;1;0;485;15;9;5;32;3;280;367;763;33;260;8;17;10;1
Internacional;1;990;1;1;20;5;0;0;706;16;13;14;39;3;493;581;849;63;453;32;19;8;1
Corinthians;1;990;0;0;14;5;3;0;604;28;6;6;26;0;395;484;816;31;286;15;16;5;0
São Paulo;1;990;0;0;13;2;2;0;607;13;6;6;23;4;414;501;826;42;294;12;20;10;1
Cuiabá;1;990;0;0;11;3;1;0;570;16;10;6;22;2;360;469;768;52;317;18;19;15;1
Fortaleza;1;990;0;1;13;6;1;0;590;22;14;7;21;4;370;474;781;38;330;21;19;8;1
Atlético Mineiro;1;990;0;1;13;2;2;0;678;19;8;5;24;2;508;590;861;67;355;35;16;6;1
Ceará;1;956;0;0;14;3;3;1;415;20;9;8;21;0;246;317;776;30;242;10;12;3;0
Botafogo (RJ);1;990;0;0;23;5;1;0;741;14;13;11;43;0;524;621;844;57;436;16;16;5;0
América (MG);1;990;0;0;20;6;0;0;601;18;8;13;31;2;372;484;769;49;311;22;16;6;1
Athletico Paranaense;1;990;1;1;16;4;2;0;540;13;13;11;30;6;303;409;741;38;332;12;14;6;1
Juventude;1;990;0;0;10;2;3;0;428;15;10;9;16;0;209;320;653;20;218;6;11;4;0
Avaí;1;990;1;1;7;0;2;0;552;20;9;4;11;1;337;461;731;25;326;14;11;4;0
Atlético Goianiense;1;990;0;0;22;6;3;0;618;17;11;8;40;4;426;513;83;56;343;27;15;8;0
Palmeiras;1;990;0;0;18;9;3;0;671;10;16;11;33;8;467;563;829;44;325;27;15;6;1
Flamengo;1;990;0;0;15;3;0;0;701;18;14;7;26;2;494;589;839;58;459;28;26;11;0
Fluminense;1;990;0;0;18;8;1;0;778;19;7;4;32;5;589;676;871;47;584;19;18;7;1
Bragantino;1;990;1;1;13;3;6;0;593;16;6;10;22;1;383;499;768;50;413;23;15;7;0
Goiás;1;990;0;0;8;1;4;0;436;12;9;10;14;2;272;345;788;32;229;15;12;3;1
Corinthians;1;990;0;0;15;2;4;0;733;23;7;8;26;0;513;616;833;46;409;15;22;8;1
Internacional;1;990;0;0;11;5;0;0;585;15;10;8;18;4;372;485;767;38;296;27;19;8;1
Coritiba;1;990;1;1;8;3;5;0;398;27;8;12;14;2;191;280;682;15;216;8;11;2;1
Atlético Mineiro;1;990;0;0;11;1;2;0;694;11;7;18;18;0;475;587;809;58;363;15;26;12;0
São Paulo;1;990;0;0;10;1;4;0;653;13;5;11;20;0;478;564;848;63;407;20;28;9;0
Avaí;1;990;0;0;14;3;4;0;438;10;7;7;25;4;256;340;753;25;264;14;11;9;1
Fluminense;1;990;0;0;23;9;2;0;788;12;4;7;44;6;604;690;875;69;464;29;18;8;1
Fortaleza;1;990;1;2;24;11;1;0;559;13;9;5;42;11;398;470;847;50;348;22;18;11;1
Palmeiras;1;990;1;1;25;8;4;0;575;17;8;12;43;4;356;456;781;48;334;30;10;2;1
Botafogo (RJ);1;990;0;0;14;7;2;0;531;16;11;8;21;3;344;426;808;35;318;18;27;15;1
Atlético Mineiro;1;990;0;0;14;7;1;0;768;21;8;16;24;4;591;664;89;37;490;13;14;10;1
Flamengo;1;990;0;0;17;4;0;0;722;13;11;5;29;0;555;627;885;72;472;26;18;6;0
Cuiabá;1;990;0;1;16;7;1;0;641;19;5;6;33;4;470;553;85;67;417;25;13;6;1
Corinthians;1;990;0;0;17;4;3;0;623;15;7;7;30;0;439;533;824;36;347;18;18;6;0
Ceará;1;990;1;1;21;7;4;0;593;15;4;7;36;4;419;512;818;48;367;17;11;2;1
Santos;1;990;0;0;14;3;1;0;531;17;6;12;26;0;312;405;77;39;271;19;27;7;0
Bragantino;1;990;0;0;13;4;3;0;495;28;11;11;21;0;272;366;743;35;310;21;14;6;0
Goiás;1;990;0;0;6;2;2;0;438;16;10;7;12;0;284;358;793;21;238;12;12;7;0
Internacional;1;990;0;0;15;8;2;0;422;18;7;12;25;6;243;325;748;28;194;25;15;6;1
Athletico Paranaense;1;990;0;0;24;10;1;0;422;23;5;7;42;3;221;307;72;30;197;18;21;9;1
Ceará;1;990;0;0;14;4;1;0;604;12;5;8;25;0;383;512;748;51;370;16;26;12;0
América (MG);1;990;0;0;7;3;2;0;517;21;4;7;13;2;302;413;731;41;302;24;13;10;1
Corinthians;1;990;0;0;6;3;1;0;614;16;12;19;11;0;369;470;785;37;227;18;21;13;1
Coritiba;1;990;1;1;19;7;0;0;604;17;12;10;36;6;421;505;834;72;405;31;14;7;1
São Paulo;1;990;1;1;9;2;2;0;582;15;8;5;19;3;421;505;834;35;401;28;14;9;1
Atlético Mineiro;1;990;0;0;23;8;4;0;725;19;15;10;41;1;474;606;782;66;333;17;20;11;0
Athletico Paranaense;1;990;0;1;14;8;5;0;461;18;13;11;21;1;241;334;722;19;196;12;9;7;1
Flamengo;1;990;0;0;17;7;1;0;582;31;11;13;33;0;359;470;764;52;375;23;22;14;0
Atlético Goianiense;1;990;0;0;33;7;4;0;713;15;3;3;60;0;516;620;832;79;419;44;10;4;0
Bragantino;1;990;0;0;8;2;1;0;689;16;17;2;16;0;495;605;818;56;536;20;14;9;0
Santos;1;990;0;0;12;6;1;0;550;19;7;10;21;7;369;454;813;26;320;17;21;17;1
Avaí;1;990;2;2;10;4;3;0;678;19;5;8;18;4;475;571;832;43;318;10;16;6;1
Palmeiras;1;990;1;1;13;6;2;0;539;12;5;9;21;4;340;442;769;29;238;20;15;8;1
Atlético Mineiro;1;990;0;0;14;7;1;0;663;12;6;9;24;2;463;569;814;41;401;12;20;12;1
Fluminense;1;990;0;0;11;6;3;0;701;20;13;15;15;3;483;569;849;42;314;13;20;3;1
São Paulo;1;990;1;1;20;8;2;0;762;11;5;6;38;4;567;674;841;66;338;33;9;5;1
Coritiba;1;990;0;0;17;7;1;0;585;26;6;10;27;2;380;467;814;45;406;21;17;9;1
Botafogo (RJ);1;990;0;0;13;6;3;0;650;7;7;9;20;3;459;554;829;53;390;20;22;10;1
Avaí;1;990;0;0;17;5;2;0;699;9;4;4;30;2;493;596;827;65;390;19;17;9;0
Goiás;1;990;1;1;9;4;0;0;402;14;12;8;17;2;194;277;70;16;167;10;16;11;1
Atlético Goianiense;1;990;0;0;17;3;4;0;633;11;6;8;33;4;439;526;835;61;379;26;22;11;1
Flamengo;1;990;0;0;11;6;1;0;708;13;11;4;16;2;526;612;859;55;379;19;16;4;1
Juventude;1;990;0;0;13;3;3;0;530;18;11;10;24;0;325;422;77;37;314;13;10;8;0
Fortaleza;1;990;0;0;23;8;1;0;643;12;5;9;41;0;439;541;811;57;408;22;19;9;0
Athletico Paranaense;1;990;1;1;11;2;2;0;471;18;8;13;16;3;272;377;721;22;228;9;14;8;1
Coritiba;1;990;0;0;15;4;5;0;356;19;20;16;26;2;131;219;598;16;132;7;28;17;1
Santos;1;990;0;0;18;4;5;0;523;14;10;11;30;0;328;413;794;45;286;23;18;10;0
Cuiabá;1;990;0;0;10;0;5;0;596;11;10;14;17;0;420;507;828;44;394;27;11;7;0
Fluminense;1;990;0;0;17;6;3;1;662;11;3;6;29;1;476;562;847;41;400;23;29;19;0
Atlético Mineiro;1;990;0;0;27;7;4;0;664;17;15;10;48;3;453;555;816;47;460;17;25;14;1
América (MG);1;990;0;0;16;6;0;0;634;30;9;13;26;4;370;494;749;54;315;16;15;8;1
Atlético Goianiense;1;990;0;0;14;3;3;0;677;12;5;14;23;0;476;588;81;57;366;31;12;9;0
Juventude;1;990;0;0;11;3;3;0;450;21;3;11;12;0;120;299;401;25;113;8;22;12;1
Flamengo;1;990;0;1;10;3;3;0;682;19;7;6;21;2;488;589;829;63;308;18;16;9;0
Bragantino;1;990;0;0;8;2;3;0;578;14;8;8;13;0;383;490;782;45;422;18;19;9;0
Botafogo (RJ);1;990;0;0;16;5;2;0;641;15;14;8;28;1;424;519;817;60;405;22;26;15;0
Ceará;0;989;0;0;19;8;10;1;464;22;7;8;33;2;237;348;681;18;214;19;24;20;1
Goiás;0;990;0;0;7;0;3;0;577;14;8;11;9;0;381;469;812;46;329;14;20;9;0
Internacional;0;990;0;0;6;1;4;0;609;19;10;7;12;0;440;527;835;36;403;18;12;6;0
Corinthians;0;990;0;0;15;8;4;0;534;19;11;10;23;6;327;418;782;23;345;12;23;15;1
Cuiabá;0;990;0;0;9;4;3;0;388;17;12;12;16;2;184;268;687;15;168;9;11;4;1
América (MG);0;942;0;0;7;1;2;2;540;11;15;12;9;0;330;436;757;18;318;14;14;9;0
Athletico Paranaense;0;990;0;0;7;0;3;0;549;8;7;10;11;0;392;464;845;37;316;17;17;9;0
Corinthians;0;990;0;0;11;4;2;0;698;12;9;8;20;0;512;605;846;45;499;18;13;8;0
Ceará;0;990;0;0;7;3;3;0;484;14;11;12;11;3;262;381;688;29;266;21;10;8;1
Athletico Paranaense;0;990;0;0;7;6;4;0;522;16;9;14;12;6;258;387;667;32;253;11;14;6;1
Avaí;0;989;0;0;10;3;5;1;549;12;11;15;17;2;327;432;757;44;310;13;9;3;0
Flamengo;0;990;0;0;13;3;4;0;693;13;2;4;25;0;519;609;852;76;540;25;16;7;0
Atlético Mineiro;0;990;0;0;11;6;3;0;571;12;12;8;22;6;389;480;81;42;297;14;27;14;0
Botafogo (RJ);0;990;0;0;12;3;1;0;592;18;9;7;21;0;406;486;835;36;380;16;26;17;0
Juventude;0;990;0;0;8;2;4;0;570;13;10;17;13;0;379;477;795;36;352;6;13;6;0
Atlético Goianiense;0;990;0;0;17;8;2;0;655;22;10;16;30;2;435;522;833;31;368;8;7;3;1
Flamengo;0;990;0;0;16;3;3;0;723;8;6;9;30;2;559;650;86;52;550;20;15;8;0
América (MG);0;990;0;0;11;5;2;0;589;18;6;8;22;0;372;494;753;41;337;15;18;9;0
Palmeiras;0;990;0;0;16;6;2;0;636;19;10;5;28;4;426;509;837;54;364;20;24;11;1
Avaí;0;989;0;0;9;2;6;1;557;13;13;11;17;2;336;447;752;28;238;11;21;14;1
Santos;0;990;0;0;18;9;2;0;792;17;10;10;35;4;578;686;843;73;522;15;20;12;1
Coritiba;0;990;0;0;16;5;1;0;580;20;13;8;31;4;356;457;779;44;384;17;16;10;0
Internacional;0;990;0;0;16;8;3;0;557;29;4;13;31;4;346;437;792;31;307;22;13;7;1
Cuiabá;0;990;0;0;6;1;2;0;491;15;13;12;12;0;321;397;809;35;285;17;15;8;0
São Paulo;0;990;0;0;6;2;3;0;717;23;5;17;12;0;499;620;805;44;348;19;24;15;0
Atlético Goianiense;0;973;0;0;10;2;1;1;519;9;6;9;17;2;344;424;811;29;283;15;16;8;0
Fortaleza;0;990;0;0;4;3;3;0;570;13;11;8;6;3;368;465;791;43;311;15;25;10;0
Flamengo;0;990;0;0;10;3;1;0;536;17;6;13;19;0;369;447;826;44;350;18;17;16;0
Goiás;0;990;0;0;9;2;4;0;473;9;16;17;16;0;251;349;719;30;230;7;21;6;0
Athletico Paranaense;0;990;1;1;9;2;6;0;438;15;10;15;18;2;202;293;689;31;194;16;24;11;1
América (MG);0;990;0;0;14;4;0;0;531;20;8;14;25;0;267;406;658;38;225;15;23;11;0
Botafogo (RJ);0;906;0;0;10;6;6;1;323;12;7;13;17;5;120;201;597;16;108;8;18;7;1
Juventude;0;950;0;0;5;3;4;1;396;7;4;15;10;2;214;303;706;20;191;9;8;5;0
Avaí;0;990;0;0;9;4;3;0;619;25;12;9;16;0;427;525;813;37;335;15;19;12;0
Palmeiras;0;990;0;0;23;6;1;0;598;12;5;8;40;4;399;494;808;45;332;15;17;10;1
Coritiba;0;990;0;0;14;4;4;0;569;12;8;8;24;0;399;473;844;41;345;20;26;15;0
Bragantino;0;990;1;1;22;5;1;0;712;14;10;5;39;3;522;620;842;75;400;19;15;10;0
América (MG);0;990;0;0;15;5;2;0;553;15;13;15;28;0;324;429;755;52;256;9;22;12;0
Fortaleza;0;990;0;0;8;3;5;0;453;10;11;7;13;4;274;360;761;29;212;11;18;14;0
Fluminense;0;990;0;0;11;3;2;0;867;22;9;11;21;2;680;777;875;66;600;27;25;18;1
Cuiabá;0;982;0;0;13;2;5;1;540;16;11;9;20;0;302;429;704;34;238;10;5;3;0
Corinthians;0;990;0;0;3;2;3;0;493;20;7;11;4;0;329;412;799;25;242;9;7;7;0
Atlético Mineiro;0;990;1;1;7;3;1;0;614;25;7;11;16;4;435;503;865;31;413;12;11;8;1
Flamengo;0;990;0;0;12;6;2;0;641;19;7;8;23;3;449;525;855;41;336;24;20;14;1
Athletico Paranaense;0;990;1;1;12;4;2;0;392;18;14;17;18;3;153;256;598;20;152;12;13;6;1
Cuiabá;0;990;0;0;13;3;0;0;551;15;12;10;25;3;310;426;728;38;336;16;21;14;1
São Paulo;0;990;1;1;7;1;7;0;480;8;6;8;15;3;296;383;773;29;223;16;7;2;1
Fortaleza;0;990;0;0;22;7;2;0;628;12;1;9;42;2;447;526;85;85;399;26;19;14;0
Goiás;0;990;0;0;21;3;2;0;556;16;8;12;36;0;318;422;754;50;263;15;13;9;0
Botafogo (RJ);0;990;0;0;9;1;4;0;448;20;19;14;11;1;189;287;659;20;216;7;21;9;1
Avaí;0;990;0;0;8;2;3;0;616;10;5;24;14;0;375;482;778;33;396;14;19;8;0
Ceará;0;990;0;0;17;6;3;0;491;12;11;13;31;1;298;381;782;36;286;15;18;13;0
Athletico Paranaense;0;990;1;1;19;3;1;0;629;11;8;4;36;1;439;532;825;37;387;30;12;6;0
Flamengo;0;990;0;0;12;4;4;0;588;12;10;5;22;0;405;495;818;32;344;18;11;6;0
Botafogo (RJ);0;971;0;0;6;2;3;2;611;17;12;9;9;0;413;510;81;27;409;11;21;9;0
Atlético Goianiense;0;990;0;0;16;4;4;0;540;10;6;15;32;0;331;418;792;36;311;15;19;8;0
América (MG);0;990;0;0;9;7;4;0;478;9;10;12;16;0;250;355;704;33;283;13;17;6;0
Santos;0;990;0;0;6;2;3;0;632;8;7;9;12;0;433;538;805;42;329;14;20;9;0
Coritiba;0;990;0;0;17;0;1;0;594;21;13;9;31;0;416;493;844;37;343;14;28;21;0
Corinthians;0;990;0;0;11;4;1;0;656;4;4;12;18;2;482;573;841;37;415;9;14;5;0
Fortaleza;0;990;0;0;9;5;0;0;477;9;10;7;16;2;283;371;763;36;227;11;9;4;1
Atlético Mineiro;0;990;0;0;15;2;3;0;638;17;6;14;28;2;455;528;862;37;399;12;15;10;1
Bragantino;0;990;0;0;16;5;1;0;566;30;15;18;29;5;351;438;801;32;341;20;15;6;1
Cuiabá;0;990;0;0;6;1;1;0;473;17;10;14;12;0;256;360;711;29;228;11;12;4;0
Avaí;0;990;0;0;16;2;2;0;603;20;8;7;28;0;395;486;813;36;335;17;29;10;0
Fortaleza;0;990;0;0;10;3;3;0;471;14;9;8;15;2;252;365;69;19;281;11;10;5;0
Fluminense;0;990;0;0;17;10;0;0;775;11;8;8;30;5;574;654;878;41;511;21;30;20;1
Atlético Goianiense;0;990;0;0;15;4;0;0;678;7;16;5;25;1;477;570;837;28;420;21;32;15;0
Juventude;0;936;0;0;8;2;3;1;468;17;10;16;15;0;287;355;808;16;253;6;22;8;0
Botafogo (RJ);0;990;0;0;23;10;2;0;725;18;14;13;36;0;510;597;854;49;425;36;32;19;0
Coritiba;0;990;0;0;8;4;3;0;526;8;12;16;10;2;332;409;812;18;285;8;17;6;0
Palmeiras;0;990;0;0;17;5;3;0;594;19;20;8;27;2;360;467;771;44;339;38;15;9;1
Athletico Paranaense;0;990;0;0;16;4;2;0;558;12;10;7;24;0;352;460;765;49;327;17;25;9;0
Flamengo;0;990;0;0;19;7;1;0;609;18;4;13;36;3;415;496;837;52;393;19;29;19;1
Internacional;0;990;0;0;11;5;1;0;506;15;6;4;16;2;308;407;757;27;331;14;16;10;0
Ceará;0;990;0;0;17;4;3;0;581;13;7;13;34;0;396;480;825;44;399;15;18;11;0
Bragantino;0;990;0;0;5;2;2;0;473;15;7;14;7;2;258;370;697;28;207;12;8;2;0
Corinthians;0;990;1;1;6;2;1;0;595;8;8;13;10;4;401;508;789;32;340;9;17;10;1
América (MG);0;990;0;0;10;3;1;0;482;22;12;13;15;2;235;349;673;37;224;12;19;10;1
Cuiabá;0;990;0;0;8;0;3;0;658;13;9;4;7;0;438;550;796;55;369;13;22;8;0
Juventude;0;938;0;0;13;4;0;1;584;15;13;8;26;2;389;485;802;31;339;12;9;4;0
Avaí;0;990;0;0;15;5;1;0;641;16;6;15;23;0;452;542;834;24;468;10;14;6;0
Fluminense;0;990;0;0;12;3;1;0;674;16;11;9;23;0;479;567;845;49;410;16;11;4;1
Coritiba;0;990;1;1;21;5;4;0;672;13;10;7;42;2;478;572;836;52;377;32;33;22;0
São Paulo;0;990;0;0;6;1;6;0;474;8;0;9;11;2;333;401;83;31;331;10;14;9;0
Fortaleza;0;990;1;2;5;2;5;0;582;14;10;13;13;2;374;487;768;35;372;11;13;12;0
Atlético Mineiro;0;990;0;0;17;5;3;0;677;25;5;10;30;1;472;565;835;32;457;18;17;11;1
Atlético Goianiense;0;990;0;0;5;3;4;0;507;11;11;13;7;0;321;407;789;16;346;5;17;7;0
Botafogo (RJ);0;990;1;1;10;2;4;0;424;24;12;16;15;6;192;286;671;14;174;10;14;8;1
Palmeiras;0;990;0;0;16;7;3;0;561;20;16;12;28;3;382;457;836;32;338;18;15;12;1
Coritiba;0;985;0;0;20;3;2;1;530;22;8;5;40;0;312;411;759;46;244;15;18;13;0
Botafogo (RJ);0;990;0;0;10;3;0;0;664;14;18;10;17;0;420;531;791;30;376;18;30;12;0
Atlético Goianiense;0;990;0;0;5;1;7;1;578;18;11;8;4;2;384;469;819;36;392;7;23;7;0
Atlético Mineiro;0;990;0;0;21;5;1;0;761;13;6;11;38;0;564;651;866;56;503;27;16;8;0
São Paulo;0;990;0;0;12;2;4;0;628;14;6;9;22;0;435;523;832;41;297;14;10;3;0
Fortaleza;0;990;0;0;7;2;4;0;513;19;13;6;12;2;284;385;738;26;251;17;26;14;1
Avaí;0;990;0;0;10;3;0;0;568;15;6;12;19;2;361;465;776;35;263;14;19;7;0
Juventude;0;990;0;0;9;3;1;0;585;13;12;13;17;0;362;475;762;46;402;14;14;6;0
América (MG);0;990;0;0;10;4;2;0;469;17;17;10;16;1;218;314;694;29;177;15;19;7;1
Bragantino;0;990;0;0;21;6;1;0;639;12;6;12;40;1;419;513;817;51;401;25;8;4;0
Flamengo;0;990;0;0;20;7;2;0;584;12;19;10;28;3;371;469;791;34;345;21;27;14;1
Goiás;0;990;0;0;8;2;3;0;505;19;10;10;16;0;298;389;766;26;246;11;19;11;0
Cuiabá;0;990;0;0;9;1;1;0;453;31;8;9;16;0;248;339;732;31;158;12;12;4;0
Internacional;0;990;0;0;8;2;5;0;685;19;9;16;16;0;495;579;855;44;473;22;28;7;0
Athletico Paranaense;0;990;0;0;10;5;2;0;441;15;11;14;16;6;252;326;773;30;263;15;18;6;1
Santos;0;990;0;0;17;5;3;0;621;11;7;13;29;4;422;510;827;41;320;14;23;12;1
Palmeiras;0;990;0;0;9;3;2;0;513;9;11;10;16;0;305;406;751;29;257;12;8;4;1
Juventude;0;989;0;0;5;3;5;1;570;12;4;9;10;0;385;480;802;43;299;10;8;4;0
Atlético Mineiro;0;990;0;0;19;7;0;0;679;19;7;11;33;2;474;582;814;44;455;29;20;11;1
Athletico Paranaense;0;990;0;0;5;3;2;0;393;10;11;10;8;0;215;293;734;19;170;4;16;9;0
Bragantino;0;990;0;0;11;4;0;0;512;4;9;10;20;0;321;408;787;30;278;12;10;7;0
Fortaleza;0;990;0;0;12;6;4;0;444;32;13;16;16;2;180;305;59;33;208;10;29;7;1
Santos;0;990;0;0;11;2;0;0;700;21;12;14;22;0;447;579;772;30;440;19;24;14;0
Fluminense;0;990;0;0;8;0;1;0;772;14;9;9;15;0;590;665;887;42;472;25;26;12;0
Goiás;0;990;0;0;5;3;0;0;390;6;13;9;9;2;168;268;627;11;151;9;16;9;1
Coritiba;0;990;0;0;7;3;2;0;491;17;6;13;11;2;301;375;803;25;216;12;15;8;0
Corinthians;0;990;0;0;7;1;2;0;648;17;6;7;8;0;433;561;772;33;405;17;12;3;0
São Paulo;0;990;0;0;18;6;1;0;812;14;5;6;34;0;612;717;854;53;628;19;17;8;0
Internacional;0;990;1;1;13;4;1;0;670;16;22;9;26;1;417;522;799;59;301;27;23;14;1
Atlético Goianiense;0;958;0;0;10;2;2;1;627;13;6;8;13;2;438;529;828;56;367;24;16;7;0
Avaí;0;990;0;0;12;2;3;0;638;22;12;12;23;0;421;506;832;39;354;19;24;9;0
Fortaleza;0;990;0;0;5;1;2;0;433;29;22;10;10;2;180;288;625;24;170;3;26;10;1
Flamengo;0;990;0;0;6;1;2;0;662;21;13;9;8;2;427;545;783;33;415;11;21;7;1
Juventude;0;990;0;0;7;1;3;0;583;15;12;14;10;0;378;474;797;27;330;15;15;7;0
Bragantino;0;990;0;0;15;5;1;0;664;19;21;13;25;0;416;531;783;32;418;9;16;4;0
Fluminense;0;990;0;0;12;3;0;0;870;18;7;7;22;0;671;758;885;62;521;32;31;14;0
Coritiba;0;990;0;0;11;2;4;0;559;23;4;14;21;0;345;456;757;60;296;20;12;4;0
Botafogo (RJ);0;990;0;0;17;9;2;0;456;22;12;12;26;4;221;331;668;22;180;8;25;16;1
Atlético Mineiro;0;990;0;0;12;7;2;0;626;23;9;12;21;4;424;524;809;44;345;20;16;10;1
Goiás;0;990;0;0;9;4;2;0;419;11;10;9;14;3;192;295;651;11;218;10;20;11;1
Santos;0;990;0;0;10;4;3;0;576;13;6;6;18;0;399;493;809;42;364;15;26;17;0
Cuiabá;0;990;0;0;1;0;3;0;451;9;8;17;2;0;260;370;703;23;244;12;10;6;0
Fortaleza;0;990;0;0;11;3;2;0;402;24;10;12;18;2;193;289;668;24;163;14;15;11;0
Juventude;0;990;0;0;6;1;3;0;415;26;12;6;9;2;191;288;663;16;180;8;14;3;0
Atlético Goianiense;0;990;0;0;15;4;3;0;613;10;5;13;22;0;410;498;823;39;379;19;18;6;0
Atlético Mineiro;0;990;0;0;13;2;3;0;629;17;12;10;19;0;392;513;764;65;303;22;22;8;0
Coritiba;0;990;0;0;18;2;4;0;511;17;13;12;29;0;300;403;744;42;306;19;16;12;0
Fluminense;0;984;1;1;11;3;6;3;608;15;4;7;23;4;399;470;849;22;330;14;26;12;1
São Paulo;0;990;0;0;21;7;2;0;656;19;1;12;36;4;460;556;827;46;380;18;7;5;1
Corinthians;0;990;0;0;11;3;3;0;612;21;11;13;20;0;398;502;793;33;415;18;19;11;0
Santos;0;990;0;0;17;3;4;0;541;18;7;18;30;0;318;416;764;32;242;23;25;15;0
Internacional;0;990;0;0;13;4;2;0;500;18;14;8;23;4;303;384;789;31;323;18;17;9;1
Avaí;0;990;0;0;7;2;4;0;507;11;6;10;11;0;328;410;80;32;334;10;12;7;0
Athletico Paranaense;0;990;0;0;14;3;3;0;544;25;12;8;27;0;329;424;776;38;306;12;13;5;0
Atlético Goianiense;0;990;0;0;11;5;3;0;498;12;11;9;20;2;289;370;781;38;269;16;7;6;0
Juventude;0;990;0;0;10;3;1;0;521;11;14;9;16;0;351;436;805;22;303;17;5;3;0
Flamengo;0;990;1;1;6;2;5;0;792;15;8;9;13;3;609;699;871;51;618;20;21;14;0
Ceará;0;990;0;0;11;3;4;0;701;10;12;7;17;0;523;617;848;72;400;11;15;9;0
América (MG);0;990;0;1;17;7;4;0;587;10;6;5;27;1;375;481;78;61;355;13;20;11;0
Botafogo (RJ);0;990;0;0;17;6;4;0;577;19;4;10;30;2;345;456;757;45;305;11;16;6;1
Palmeiras;0;990;0;0;10;3;3;0;396;29;13;6;17;1;171;280;611;22;191;11;27;13;1
Santos;0;990;0;0;11;2;4;0;629;13;14;7;18;0;453;535;847;51;402;14;19;11;0
Fluminense;0;962;0;0;5;2;4;1;771;22;8;5;9;0;592;669;885;46;528;23;26;11;0
América (MG);0;990;0;0;10;4;5;0;427;14;11;12;18;3;190;305;623;28;216;12;12;5;1
Fortaleza;0;990;0;0;15;4;2;0;522;19;10;9;24;2;288;403;715;31;251;19;14;5;1
Juventude;0;990;0;0;6;1;5;0;439;6;12;5;8;0;283;356;795;15;207;4;14;3;0
Atlético Goianiense;0;990;0;0;9;3;4;0;497;15;14;14;16;3;262;342;766;26;262;10;23;5;1
Bragantino;0;903;1;1;4;2;0;1;455;13;11;16;9;2;281;341;824;25;199;9;17;9;0
Cuiabá;0;990;0;0;9;4;0;0;574;13;7;16;13;0;364;467;779;42;305;16;13;7;0
Palmeiras;0;968;1;1;11;4;3;1;559;17;8;16;22;5;359;466;77;34;355;15;14;8;1
Coritiba;0;990;0;0;13;4;6;0;488;10;11;8;22;2;312;395;79;28;318;17;6;3;0
Flamengo;0;990;0;0;11;6;2;0;668;27;10;13;21;0;432;544;794;56;423;14;17;9;0
Internacional;0;990;0;0;12;4;3;0;538;18;5;12;23;2;317;416;762;33;310;20;16;13;1
Corinthians;0;990;0;0;7;1;2;0;577;16;14;7;14;0;391;471;83;40;368;12;17;6;0
América (MG);0;990;0;0;19;2;0;0;667;7;9;13;34;0;448;549;816;56;450;33;27;17;0
Cuiabá;0;990;1;1;9;3;4;0;458;20;8;8;17;1;260;349;745;19;236;8;8;2;1
Goiás;0;990;1;1;17;4;5;0;538;21;7;10;32;4;333;422;789;24;304;16;15;7;0
Ceará;0;990;0;0;19;7;4;0;599;7;9;8;33;2;414;484;855;44;324;19;10;6;1
Cuiabá;0;990;1;1;12;3;3;0;629;14;14;6;24;2;410;523;784;47;446;14;20;8;0
Fluminense;0;990;1;1;12;4;0;0;630;14;7;15;25;4;443;522;849;40;306;19;23;12;0
Atlético Mineiro;0;990;1;1;11;2;4;0;582;15;5;11;20;3;392;499;786;31;335;11;8;4;1
Coritiba;0;990;0;0;11;3;2;0;545;16;9;4;15;0;354;434;816;19;258;16;17;7;0
São Paulo;0;990;0;0;18;4;4;0;748;12;9;11;32;4;519;624;832;56;514;18;13;8;1
Botafogo (RJ);0;990;0;0;14;6;4;0;497;16;6;17;26;3;303;384;789;27;244;16;18;8;1
Flamengo;0;990;1;1;16;4;2;0;543;18;4;10;29;3;369;437;844;32;351;29;23;11;1
Athletico Paranaense;0;990;0;0;19;4;0;0;546;15;7;8;33;2;327;443;738;40;277;16;11;6;0
Goiás;0;990;1;1;15;7;7;0;427;11;8;11;24;2;247;325;76;23;202;11;20;11;0
Avaí;0;990;0;0;10;2;1;0;747;13;6;8;17;0;567;668;849;32;512;15;13;4;0
Botafogo (RJ);0;990;1;1;6;0;2;0;422;11;4;18;13;2;190;284;669;14;212;9;17;10;1
América (MG);0;990;0;0;18;8;3;0;465;12;14;16;30;3;253;350;723;35;206;20;7;3;1
Bragantino;0;990;0;0;17;4;3;0;680;18;10;13;31;2;451;558;808;71;463;30;21;4;0
Juventude;0;990;0;0;16;3;0;0;584;19;11;8;31;2;387;473;818;34;321;6;14;3;0
Fortaleza;0;973;0;0;9;4;4;1;408;16;12;14;18;4;159;263;605;25;183;13;12;4;1
Atlético Mineiro;0;990;0;0;13;3;0;0;725;21;8;8;21;0;504;620;813;54;453;17;13;3;0
Internacional;0;990;0;0;11;1;4;0;631;23;11;7;18;1;395;516;766;46;388;28;19;9;1
Fluminense;0;990;0;0;17;7;0;0;728;17;4;4;29;6;511;613;834;52;315;20;26;8;1
Coritiba;0;990;0;0;15;3;2;0;503;19;6;12;28;0;295;386;764;33;251;14;10;5;0
Santos;0;990;0;0;9;3;4;0;503;26;7;13;16;4;278;370;751;21;214;13;21;9;1
Athletico Paranaense;0;990;0;0;9;4;3;0;577;20;11;14;13;2;357;461;774;30;390;19;20;7;0
Corinthians;0;942;0;0;8;2;5;1;595;18;8;10;15;2;398;490;812;17;391;14;10;4;1
Flamengo;0;990;0;0;15;6;1;0;581;18;9;5;24;4;334;457;731;25;287;20;16;6;1
Avaí;0;990;0;0;10;2;2;0;542;6;7;6;17;0;358;435;823;29;325;10;15;9;0
São Paulo;0;990;0;0;13;6;2;0;719;12;5;5;22;4;560;636;881;65;508;16;18;6;1
Goiás;0;990;0;0;5;3;4;0;389;17;15;19;9;4;156;252;619;13;141;5;10;4;1
Ceará;0;990;0;0;12;2;2;0;667;14;10;11;21;0;448;551;813;41;430;19;16;6;0
Santos;0;990;0;0;8;4;4;0;581;22;7;14;13;3;378;471;803;27;317;6;16;4;0
Palmeiras;0;990;0;0;17;5;5;0;739;14;7;7;28;5;537;628;855;52;431;18;15;6;1
Bragantino;0;990;0;0;5;1;4;0;586;11;7;10;9;2;383;493;777;31;299;9;15;7;0
Ceará;0;990;1;1;12;2;2;0;462;12;12;15;23;2;272;357;762;25;237;12;12;4;0
Fluminense;0;990;0;0;15;6;3;0;643;17;8;9;26;3;440;519;848;19;353;24;28;13;1
Atlético Goianiense;0;990;0;0;19;8;4;0;548;11;9;15;30;0;362;438;826;37;338;23;12;6;0
Avaí;0;990;0;0;13;7;1;0;612;13;10;20;20;0;406;506;802;53;307;11;14;6;0
Coritiba;0;986;0;0;16;7;1;1;557;17;6;5;29;2;341;452;754;34;295;14;17;5;0
Juventude;0;990;0;0;9;4;1;0;486;7;12;13;17;0;321;392;819;21;235;11;23;11;0
Fluminense;0;990;0;0;17;5;2;0;829;11;8;14;30;1;666;736;905;51;557;28;13;8;1
Cuiabá;0;990;0;0;13;5;1;0;465;25;7;13;20;4;219;311;704;23;208;6;12;4;1
Internacional;0;990;0;1;12;2;0;0;559;12;8;12;21;0;336;457;735;43;292;17;6;3;0
Goiás;0;990;0;0;12;3;1;0;601;24;11;4;19;2;367;485;757;32;345;12;13;8;0
Coritiba;0;990;0;0;19;6;4;0;612;17;8;7;36;2;393;505;778;67;389;22;16;6;1
Bragantino;0;990;0;0;12;6;1;0;582;17;9;6;22;3;366;482;759;42;294;9;11;1;1
Santos;0;990;0;0;9;6;2;0;531;14;10;11;12;3;341;427;799;21;311;17;20;7;1
Fortaleza;0;990;0;0;8;3;1;0;562;17;17;8;10;0;359;459;782;28;277;13;8;3;0
Corinthians;0;990;0;0;7;6;1;0;656;20;12;13;13;4;463;553;837;29;387;11;12;6;1
São Paulo;0;989;0;0;8;4;2;1;498;39;8;15;11;0;285;362;787;23;309;8;13;4;0
América (MG);0;990;1;1;12;7;2;0;459;12;8;6;20;6;244;357;683;29;274;9;12;0;1
Juventude;0;990;0;0;14;2;4;0;402;6;9;5;24;0;241;327;737;28;269;17;11;2;0
Ceará;0;990;0;0;12;4;4;0;495;16;14;13;24;0;272;368;739;31;173;13;25;10;0
Athletico Paranaense;0;989;0;0;14;1;1;1;513;10;12;12;21;0;299;396;755;53;297;17;19;4;0
Flamengo;0;990;0;0;13;1;3;0;682;18;3;9;25;0;484;571;848;53;440;21;12;5;0
Botafogo (RJ);0;990;0;0;8;2;5;0;427;22;12;11;9;4;207;308;672;19;190;7;15;9;1
Internacional;0;990;0;0;8;3;4;0;499;24;5;11;16;2;320;397;806;32;225;17;13;5;1
Ceará;0;990;0;1;14;2;5;0;559;9;11;6;27;0;385;464;83;44;379;13;8;3;0
Goiás;0;946;0;0;9;1;3;2;355;21;7;12;17;0;154;222;694;8;159;16;12;7;0
Bragantino;0;990;0;0;4;1;4;0;464;11;2;15;8;0;296;370;80;20;259;12;13;4;0
América (MG);0;990;0;0;6;2;2;0;447;14;12;12;10;2;237;341;695;26;218;16;7;2;0
Santos;0;990;0;0;4;0;4;0;593;17;9;16;8;0;416;501;83;33;336;16;12;5;0
Cuiabá;0;990;0;0;6;1;4;0;437;6;9;7;11;0;275;362;76;27;233;8;11;0;0
Avaí;0;990;0;0;15;8;1;0;448;20;9;5;26;2;270;336;804;24;233;17;13;7;1
Coritiba;0;947;0;0;4;2;5;1;528;16;3;11;7;2;346;425;814;35;278;4;11;4;0
Atlético Mineiro;0;990;1;1;16;6;6;0;505;15;13;16;32;1;315;387;814;34;266;14;21;13;1
Juventude;0;990;0;0;9;4;4;0;419;15;10;9;15;1;245;321;763;17;228;6;17;4;0
Fortaleza;0;990;0;0;13;6;2;0;559;25;8;9;21;4;331;441;751;26;327;22;20;7;1
Fluminense;0;990;0;0;8;4;2;0;623;14;14;10;14;2;408;509;802;33;457;13;31;13;1
São Paulo;0;990;0;0;13;7;0;0;711;8;7;7;23;8;562;627;896;48;545;19;12;3;1
Palmeiras;0;990;0;0;11;2;3;0;445;11;10;14;22;0;278;350;794;31;274;18;17;5;0
Botafogo (RJ);0;990;0;0;9;4;1;0;564;18;5;9;18;0;373;454;822;25;318;15;15;5;0
Bragantino;0;989;0;0;18;6;5;1;524;20;6;12;35;2;301;401;751;30;296;23;20;14;1
Athletico Paranaense;0;990;0;0;13;5;0;0;579;10;9;9;22;0;350;462;758;38;303;13;22;9;0
Fortaleza;0;990;0;0;15;5;3;0;502;13;5;8;27;0;270;386;699;37;277;17;23;16;0
Fluminense;0;950;0;0;7;4;4;1;536;17;7;7;12;4;336;416;808;18;280;13;13;10;0
Santos;0;990;0;0;8;3;4;0;461;6;9;9;13;2;299;385;777;31;285;12;15;7;0
América (MG);0;986;1;1;11;8;5;1;423;20;13;11;17;3;164;291;564;29;167;14;14;8;1
Ceará;0;990;0;0;16;3;3;0;590;18;5;9;30;0;363;475;764;45;351;13;20;8;0
Botafogo (RJ);0;990;0;0;13;8;3;0;539;15;9;8;18;0;319;419;761;34;327;18;21;7;1
Goiás;0;925;0;0;6;3;4;1;315;11;6;14;9;0;115;199;578;5;106;6;12;6;1
Corinthians;0;990;0;0;4;1;2;0;548;18;17;9;8;2;347;444;782;36;381;14;17;8;1
Cuiabá;0;990;0;0;16;3;2;0;609;12;11;13;29;2;427;501;852;43;307;21;16;6;0
Coritiba;0;990;0;0;8;4;3;0;549;20;12;15;14;1;327;422;775;32;313;7;24;13;0
Bragantino;0;990;0;0;11;2;2;0;551;13;18;10;22;0;360;457;788;25;322;23;9;8;0
Atlético Goianiense;0;990;0;0;5;0;2;0;543;17;11;12;9;0;341;440;775;27;276;10;12;8;0
Athletico Paranaense;0;990;0;0;12;3;2;0;465;28;19;16;19;2;253;341;742;24;233;11;8;3;0
Cuiabá;0;974;0;0;6;3;1;1;383;14;11;10;8;1;167;249;671;25;149;13;11;3;0
América (MG);0;938;0;0;9;2;6;1;456;15;4;8;17;0;263;338;778;29;254;19;26;10;0
Fortaleza;0;939;0;0;10;3;2;1;436;21;12;6;16;2;236;333;709;30;209;5;17;12;0
Juventude;0;957;0;0;5;3;5;2;462;15;9;10;10;4;258;341;757;32;184;8;10;6;1
Santos;0;990;0;0;16;3;0;0;687;12;12;11;24;0;482;582;828;61;473;19;11;6;0
Coritiba;0;984;0;0;14;6;1;2;504;17;5;13;25;0;316;406;778;29;289;20;15;11;0
Goiás;0;990;0;0;3;0;3;0;454;18;10;8;4;0;268;366;732;25;203;10;12;9;0
Palmeiras;0;990;0;0;20;8;0;0;630;19;15;6;36;5;410;503;815;27;367;14;20;11;1
Fluminense;0;990;0;0;7;3;1;0;452;18;15;17;14;2;233;322;724;17;241;9;13;9;1
Avaí;0;990;1;2;7;2;6;0;621;16;11;13;15;2;412;512;805;35;343;13;15;5;0
Botafogo (RJ);0;990;0;0;18;3;3;0;685;19;6;10;30;0;450;563;799;59;385;23;23;11;0
Palmeiras;0;990;0;1;16;4;1;0;628;16;6;20;31;2;433;511;847;53;396;19;21;16;1
Athletico Paranaense;0;990;0;0;19;8;0;0;473;18;15;12;35;2;280;367;763;28;240;11;19;13;1
Flamengo;0;990;0;0;7;3;5;1;454;24;13;9;14;4;253;343;738;38;254;9;12;6;1
Avaí;0;984;0;0;5;1;2;1;480;16;18;16;9;1;260;349;745;22;284;13;22;11;0
Cuiabá;0;990;0;0;5;2;1;0;597;19;7;15;9;1;349;479;729;36;332;14;27;11;0
Corinthians;0;990;0;0;10;1;3;0;574;7;9;12;19;2;383;466;822;22;270;13;24;17;1
Fluminense;0;990;0;0;6;2;4;1;460;12;8;9;12;0;127;320;397;18;124;1;17;8;0
Fortaleza;0;990;0;0;12;5;4;0;439;15;7;10;20;2;234;325;72;27;251;11;19;10;1
Internacional;0;990;1;1;8;4;3;0;624;15;9;9;18;4;425;517;822;38;447;15;20;11;1
Goiás;0;990;0;0;11;4;2;0;461;23;11;11;21;4;224;323;693;24;179;7;28;20;1
